{
    "interactionModel": {
        "languageModel": {
            "invocationName": "genie",
            "intents": [
                {
                    "name": "AMAZON.CancelIntent",
                    "samples": []
                },
                {
                    "name": "AMAZON.HelpIntent",
                    "samples": []
                },
                {
                    "name": "AMAZON.StopIntent",
                    "samples": []
                },
                {
                    "name": "LuckyNumberIntent",
                    "slots": [
                        {
                            "name": "number",
                            "type": "AMAZON.NUMBER"
                        }
                    ],
                    "samples": [
                        "Is {number} lucky "
                    ]
                },
                {
                    "name": "FavoriteNumberIntent",
                    "slots": [],
                    "samples": [
                        "what is your favorite number"
                    ]
                }
            ],
            "types": []
        }
    }
}
