{
    "interactionModel": {
        "languageModel": {
            "invocationName": "proto",
            "intents": [
                {
                    "name": "AMAZON.CancelIntent",
                    "samples": []
                },
                {
                    "name": "AMAZON.HelpIntent",
                    "samples": []
                },
                {
                    "name": "AMAZON.StopIntent",
                    "samples": []
                }

            ],
            "types": []
        }
    }
}
