{
    "interactionModel": {
        "languageModel": {
            "invocationName": "dj math",
            "intents": [
                {
                    "name": "AMAZON.CancelIntent",
                    "samples": []
                },
                {
                    "name": "AMAZON.HelpIntent",
                    "samples": []
                },
                {
                    "name": "AMAZON.StopIntent",
                    "samples": []
                },
                {
                    "name": "MathIntent",
                    "slots": [
                        {
                            "name": "numberone",
                            "type": "AMAZON.NUMBER"
                        },
                        {
                            "name": "numbertwo",
                            "type": "AMAZON.NUMBER"
                        },
                        {
                            "name": "operations",
                            "type": "MYOPERATIONS"
                        }
                    ],
                    "samples": [
                        "{operations} {numberone} by {numbertwo}",
                        "{operations} {numberone} from {numbertwo}",
                        "{operations} {numberone} and {numbertwo}"
                    ]
                }
            ],
            "types": [
                {
                    "name": "MYOPERATIONS",
                    "values": [
                        {
                            "name": {
                                "value": "subtract"
                            }
                        },
                        {
                            "name": {
                                "value": "divide"
                            }
                        },
                        {
                            "name": {
                                "value": "multiply"
                            }
                        },
                        {
                            "name": {
                                "value": "add"
                            }
                        }
                    ]
                }
            ]
        }
    }
}
